id,name,cat
3646,Bulk Item 1,""
1768,Светильник светодиодный,Оборудование
1769,Светильник светодиодный,Оборудование
1770,Светильник светодиодный,Оборудование
1771,Светильник светодиодный,Оборудование
1772,Светильник светодиодный,Оборудование
1773,Светильник светодиодный,Оборудование
1774,Светильник светодиодный,Оборудование
1775,Светильник светодиодный,Оборудование
1776,Пресс гидравлический,Оборудование
3647,Bulk Item 2,""
1785,"Портативный газоанализатор ТОП-СЕНС 310 (CH4(_НКПР),O2,CO,H2S) с поверкой",Измерительные приборы
3654,Тестовый прибор,_test_eq_cat_
1960,Топ-сенс310,Измерительные приборы
1961,Топ-сенс310,Измерительные приборы
1962,Топ-сенс310,Измерительные приборы
1963,Топ-сенс310,Измерительные приборы
1996,Сплит система,Оборудование
2087,З/У для шуруповерта DB-201,Инструмент
2088,З/У для шуруповерта DB-201,Инструмент
2089,З/У для шуруповерта DB-201,Инструмент
2090,З/У для шуруповерта DB-201,Инструмент
2091,З/У для шуруповерта DB-201,Инструмент
2092,Аккумулятор для шуруповерта DB-201,Инструмент
1808,Бесщеточная дрель-шуруповерт ЗУБР Профессионал DB-201,Инструмент
1793,"Связь лесов хомут. д=48 L= 5,3 м.",Оборудование
1809,"Углошлифовальная машина ЗУБР Профессионал 125 мм, 1500 вт УШМ-П125",Инструмент
2093,Аккумулятор для шуруповерта DB-201,Инструмент
2094,Аккумулятор для шуруповерта DB-201,Инструмент
2095,Аккумулятор для шуруповерта DB-201,Инструмент
2096,Аккумулятор для шуруповерта DB-201,Инструмент
2097,Аккумулятор для шуруповерта DB-201,Инструмент
2098,Аккумулятор для шуруповерта DB-201,Инструмент
2099,Аккумулятор для шуруповерта DB-201,Инструмент
3657,WAREHOUSE Button Test Equipment,""
2100,Рация P1,Спецодежда и СИЗ
2101,Рация P1,Спецодежда и СИЗ
2102,Рация P1,Спецодежда и СИЗ
2103,Рация P1,Спецодежда и СИЗ
2104,Рация P1,Спецодежда и СИЗ
2105,Рация P1,Спецодежда и СИЗ
2106,Рация P1,Спецодежда и СИЗ
2107,Рация P1,Спецодежда и СИЗ
2108,Рация P1,Спецодежда и СИЗ
3658,WH-Tool,_test_eq_cat_
2109,Рация P1,Спецодежда и СИЗ
2112,Шуруповерт Ресанта да-14-2лк,Инструмент
2083,Сварочный инвертор РЕСАНТА САИ 160,Инструмент
2084,тачка двухколёсная,Инструмент
2127,УШМ -п125-1500 пст,Инструмент
2128,УШМ -п125-1500 пст,Инструмент
2129,Дрель-шуруповерт DB-201,Инструмент
2130,Дрель-шуруповерт DB-201,Инструмент
2131,Штангенциркуль,Инструмент
2132,Штангенциркуль,Инструмент
2133,Штангенциркуль,Инструмент
2187,Ламинатор,Оборудование
2188,Роутер,Оборудование
2215,Таль,Техника
2216,Пирометр,Измерительные приборы
2217,Таль,Техника
1843,Кувалда 5000 гр Sturm,Инструмент
1844,Дрель-шуруповерт DEWALT 2.0 Ач DCD771D2,Инструмент
1847,"Комбинированный ключ NEO Tools с трещоткой, 21 мм",Инструмент
1855,Шкаф ПРАКТИК AM 1891,Оборудование
2218,Таль,Техника
2219,Таль,Техника
2318,Набор инструментов,Инструмент
2319,Набор инструментов,Инструмент
2329,Мангуст-2 электро,Инструмент
2330,Сварочный аппарат форсаж 315м,Инструмент
2331,Сварочный аппарат форсаж 315м,Инструмент
2594,ФРВС Фонарь ручной взрывозащищённый светодиодный в комплекте с з/у,Оборудование
1764,Редуктор кислородный,Расходники
1766,Гидравлический удлинитель,Техника
1767,Насосная станция,Техника
1777,Ленточный строп Alpsafe (эластичный двойной с амортизатором) AKN44,Спецодежда и СИЗ
1778,"Привязь VENTO Альфа 5.0, размер 2",Спецодежда и СИЗ
1779,Левые ножницы по металлу KRAFTOOL Alligator 250 мм 2328-L,Инструмент
1780,Аптечка первой помощи ООО АППОМЕД производственная сумка 2905,Оборудование
1781,Угловая шлифовальная машина DCA ASM08-125H,Инструмент
1782,Профессиональные бокорезы Inforce 180 мм,Инструмент
1783,Налобный фонарь Gigant с зумом HL-11,Оборудование
1784,Самоцентрирующийся разматыватель металла Ferrox,Оборудование
1786,Кронштейн крепления к стене 400 мм.,Оборудование
1788,Опора простая,Оборудование
1789,Хомут кованный поворотный ZK48-1,Оборудование
1790,Хомут кованный неповоротный ZK48-1,Оборудование
1791,"Лестница наклонная 2,2 м",Оборудование
1792,"Поперечина 1,8 м",Оборудование
1863,Аккумуляторная дрель-шуруповерт Ресанта ДА-24-2ЛК 75/14/7,Инструмент
1864,Карабин VENTO Стальной Овал с муфтой,Спецодежда и СИЗ
1874,"Аккумуляторная дрель-шуруповерт DCA 12 В, 2 АКБ 2 А*ч, в кейсе ADJZ1202i",Инструмент
1881,Компрессор,Техника
1890,Налобный фонарь,Оборудование
1891,Налобный фонарь,Оборудование
1892,Налобный фонарь,Оборудование
1893,Налобный фонарь,Оборудование
1794,Стойка лесов хомутовых д=48 L= 4м.,Оборудование
1795,Стойка лесов хомутовых д=48 L= 2м.,Оборудование
1796,Панель светодиодная Luminidgi универсальная DW-LED-DP-02-36W,Оборудование
1797,Подшипник 180322,Оборудование
1798,ПДУ-3,Спецодежда и СИЗ
1813,"Набор комбинированных трещоточных ключей Gigant 8 шт, Сталь Cr-V, 8-19мм",Инструмент
1814,"Зарядное устройство для Li-Ion АКБ ЗУБР Профессионал 20В, 6А",Инструмент
1815,"Аккумуляторная батарея ЗУБР Профессионал 20В, Li-Ion, 2Ач",Инструмент
1816,Штангенциркуль Strong 300 мм,Инструмент
1817,Слесарный угольник 400x600 мм,Инструмент
1818,ПРАКТИК Стеллаж SBL 180KD-90x45-5 S24499373409,Оборудование
1819,Разметочный циркуль с дугой GRIFF 500мм,Инструмент
1820,Блок усиления полиспаст Runva SNB20000,Инструмент
1842,Литой ручной заклепочник Inforce поворотный 360 град,Инструмент
1845,Измерительная рулетка Gigant GMT 316 3x16 мм с магнитным захватом,Инструмент
1896,Аккумуляторная УШМ,Инструмент
1897,Молоток с фибергласовой рукояткой 800г Gigant,Инструмент
1908,Набор комбинированных ключей Gigant 12 шт GCWS12/1,Инструмент
1913,Дрель-шуруповерт Patriot акк. BR 181UES 180201481,Инструмент
1919,Строп текстильный петлевой 6т 6м,Техника
1930,Фонарь налобный,Оборудование
1931,Фонарь налобный,Оборудование
1922,Мембранный насос,Техника
1923,Насос пневматический,Техника
1924,Насос пневматический,Техника
1925,Пду3,Спецодежда и СИЗ
1926,Пду3,Спецодежда и СИЗ
1927,Пду3,Спецодежда и СИЗ
1928,Пду3,Спецодежда и СИЗ
1929,Пду3,Спецодежда и СИЗ
1846,"Молоток кровельный 0,6 кг STARTUL Profi",Инструмент
1848,"Рулетка Gigant 5x19мм, обрезиненная с автостопом GWA61123",Инструмент
1849,Магнитный уровень Inforce 230мм,Инструмент
1850,"Дрель-шуруповер ЗУБР 14.4 В, 2 АКБ, 2 Ач, в кейсе ДШЛ-145-22",Инструмент
1964,Топ-сенс310,Измерительные приборы
1936,"Насос WiloТипIL80/220-30/2,30кВт",Техника
1937,"Насос WiloТипIL80/220-30/2,30кВт",Техника
1954,Мембранный насос,Техника
1965,налобный фонарь petzl pixa 1,Оборудование
1966,налобный фонарь petzl pixa 1,Оборудование
1933,Фонарь налобный,Оборудование
1932,Фонарь налобный,Оборудование
1934,Фонарь налобный,Оборудование
1935,Теплообменник,Оборудование
1952,Фонарь ручной,Оборудование
1953,Фонарь ручной,Оборудование
1955,Топ-сенс310,Измерительные приборы
1956,Топ-сенс310,Измерительные приборы
1957,Топ-сенс310,Измерительные приборы
1958,Топ-сенс310,Измерительные приборы
1959,Топ-сенс310,Измерительные приборы
1968,Фонарь налобный,Оборудование
1986,"Насос WiloТипIL80/220-30/2,30кВт",Техника
1969,Фонарь налобный,Оборудование
1970,Фонарь налобный,Оборудование
1971,Фонарь налобный,Оборудование
1972,Фонарь налобный,Оборудование
1973,Фонарь налобный,Оборудование
1984,Счётчик воды,Измерительные приборы
1985,Пирометр,Измерительные приборы
1987,Сплит-система FUJIAIRE,Оборудование
1989,Гибкое копьё,Расходники
1990,Гибкое копьё,Расходники
1988,Сплит-система FUJIAIRE,Оборудование
1991,Насос погружной,Техника
1992,Огнетушитель порошковый,Спецодежда и СИЗ
1993,Сплит система,Оборудование
1994,Сплит система,Оборудование
1995,Сплит система,Оборудование
2009,Дрель-шуруповерт Вихрь,Инструмент
2010,Дрель-шуруповерт Вихрь,Инструмент
2022,Привязь ЗУБР,Спецодежда и СИЗ
2023,Привязь ЗУБР,Спецодежда и СИЗ
2024,Привязь ЗУБР,Спецодежда и СИЗ
2025,Привязь ЗУБР,Спецодежда и СИЗ
2026,Привязь ЗУБР,Спецодежда и СИЗ
2027,Привязь ЗУБР,Спецодежда и СИЗ
2028,Привязь ЗУБР,Спецодежда и СИЗ
2029,Привязь ЗУБР,Спецодежда и СИЗ
1997,Удлинитель на катушке 50м,Инструмент
1998,Удлинитель силовой ЭРА 50м,Инструмент
2030,Привязь ЗУБР,Спецодежда и СИЗ
2031,Привязь ЗУБР,Спецодежда и СИЗ
2032,Привязь ЗУБР,Спецодежда и СИЗ
2033,Привязь ЗУБР,Спецодежда и СИЗ
2034,Привязь ЗУБР,Спецодежда и СИЗ
2035,Привязь ЗУБР,Спецодежда и СИЗ
2036,Привязь ЗУБР,Спецодежда и СИЗ
2037,Привязь ЗУБР,Спецодежда и СИЗ
2038,Привязь ЗУБР,Спецодежда и СИЗ
2039,Привязь ЗУБР,Спецодежда и СИЗ
2070,Шуруповерт PATRIOT,Инструмент
2071,Шуруповерт PATRIOT,Инструмент
2072,Шуруповерт PATRIOT,Инструмент
2075,УШМ -125- аккумуляторная,Инструмент
2076,УШМ -125- аккумуляторная,Инструмент
2042,Привязь ЗУБР,Спецодежда и СИЗ
2040,Привязь ЗУБР,Спецодежда и СИЗ
2041,Привязь ЗУБР,Спецодежда и СИЗ
2043,Привязь ЗУБР,Спецодежда и СИЗ
2044,Привязь ЗУБР,Спецодежда и СИЗ
2045,Привязь ЗУБР,Спецодежда и СИЗ
2046,Привязь ЗУБР,Спецодежда и СИЗ
2047,Привязь ЗУБР,Спецодежда и СИЗ
2057,Дрель-шуруповерт аккумуляторная Вихрь ДА-24Л-2К/Б,Инструмент
2540,UNIX полумаска изолирующая,Спецодежда и СИЗ
2556,Маска сварщика AURORA Хамелеон,Спецодежда и СИЗ
2058,Дрель-шуруповерт аккумуляторная Вихрь ДА-24Л-2К/Б,Инструмент
2060,Топ-сенс310,Измерительные приборы
2061,Топ-сенс310,Измерительные приборы
2062,Топ-сенс310,Измерительные приборы
2063,Топ-сенс310,Измерительные приборы
2064,Топ-сенс310,Измерительные приборы
2065,Топ-сенс310,Измерительные приборы
2066,Топ-сенс310,Измерительные приборы
2067,Топ-сенс310,Измерительные приборы
2068,Топ-сенс310,Измерительные приборы
2069,Топ-сенс310,Измерительные приборы
2073,Топ-сенс310,Измерительные приборы
2074,Топ-сенс310,Измерительные приборы
2077,УШМ -125- аккумуляторная,Инструмент
2078,УШМ -125- аккумуляторная,Инструмент
2079,УШМ -125- аккумуляторная,Инструмент
2080,Аккумулятор для шуруповерта DB-201,Инструмент
2081,Аккумулятор для шуруповерта DB-201,Инструмент
2113,Шуруповерт Ресанта да-14-2лк,Инструмент
2454,ПДУ-3,Спецодежда и СИЗ
2114,Шуруповерт Ресанта да-14-2лк,Инструмент
2115,Шуруповерт Ресанта да-14-2лк,Инструмент
2116,Шуруповерт Ресанта да-14-2лк,Инструмент
2117,Электрические листовые ножницы.,Инструмент
2118,Электрические листовые ножницы.,Инструмент
2119,Дрель-шуруповерт DB-201,Инструмент
2120,Дрель-шуруповерт DB-201,Инструмент
2121,Дрель-шуруповерт DB-201,Инструмент
2122,УШМ -п125-1500 пст,Инструмент
2123,УШМ -п125-1500 пст,Инструмент
2124,УШМ -п125-1500 пст,Инструмент
2125,УШМ -п125-1500 пст,Инструмент
2126,УШМ -п125-1500 пст,Инструмент
2189,Многофункциональное устройство,Оборудование
2190,Многофункциональное устройство,Оборудование
2191,Системный блок,Оборудование
2192,Монитор lg,Оборудование
2172,Конвектор,Оборудование
2173,Конвектор,Оборудование
2174,Конвектор,Оборудование
2175,Конвектор,Оборудование
2176,Конвектор,Оборудование
2177,Кулер для воды,Оборудование
2178,Сетевой фильтр,Оборудование
2179,Сетевой фильтр,Оборудование
2180,Сетевой фильтр,Оборудование
2181,Сетевой фильтр,Оборудование
2182,Сетевой фильтр,Оборудование
2183,Сетевой фильтр,Оборудование
2184,Сетевой фильтр,Оборудование
2185,Сетевой фильтр,Оборудование
2186,Брошюровщик,Оборудование
2212,Таль,Техника
2213,Таль,Техника
2214,Таль,Техника
2200,Фонарь,Оборудование
2201,Фонарь,Оборудование
2202,Фонарь,Оборудование
2203,Фонарь,Оборудование
2700,GPS/ГЛОНАСС маяк Starline M17,Измерительные приборы
2204,Фонарь,Оборудование
2205,Фонарь,Оборудование
2206,Фонарь,Оборудование
2207,Фонарь,Оборудование
2208,Фонарь,Оборудование
2209,Фонарь,Оборудование
2210,Таль,Техника
2211,Таль,Техника
2243,Средство защиты втягивающего типа,Техника
2244,Средство защиты втягивающего типа,Техника
2245,Средство защиты втягивающего типа,Техника
2246,Средство защиты втягивающего типа,Техника
2247,Средство защиты втягивающего типа,Техника
2248,Средство защиты втягивающего типа,Техника
2249,Средство защиты втягивающего типа,Техника
2250,Средство защиты втягивающего типа,Техника
2251,Средство защиты втягивающего типа,Техника
2252,Средство защиты втягивающего типа,Техника
2253,Средство защиты втягивающего типа,Техника
2254,Средство защиты втягивающего типа,Техника
2085,тачка двухколёсная,Инструмент
2086,тачка двухколёсная,Инструмент
2110,Ноутбук,Оборудование
2111,Ноутбук,Оборудование
2220,Анкерная петля,Техника
2221,Анкерная петля,Техника
2275,Фонарь,Оборудование
2276,Фонарь,Оборудование
2277,Фонарь,Оборудование
2278,Фонарь,Оборудование
2279,Фонарь,Оборудование
2280,Фонарь,Оборудование
2281,Фонарь,Оборудование
2282,Фонарь,Оборудование
2283,Фонарь,Оборудование
2284,Фонарь,Оборудование
2285,Плоскошлифовальная машина,Инструмент
2286,Плоскошлифовальная машина,Инструмент
2287,Плоскошлифовальная машина,Инструмент
2288,Ушм Hilti 230мм,Инструмент
2289,Ушм Hilti 230мм,Инструмент
2261,Фонарь ручной,Оборудование
2262,Фонарь ручной,Оборудование
2300,Лестница,Техника
2301,Лестница,Техника
2302,Лестница,Техника
2303,Лестница,Техника
2306,Щиток сварщика Сварог pro b40,Спецодежда и СИЗ
2307,Щиток сварщика Сварог pro b40,Спецодежда и СИЗ
2308,Щиток сварщика Сварог pro b40,Спецодежда и СИЗ
2309,Щиток сварщика Сварог pro b40,Спецодежда и СИЗ
2315,Домкрат,Техника
2316,Домкрат,Техника
2317,Домкрат,Техника
2328,Мангуст-2 электро,Инструмент
2298,УШМ,Инструмент
2327,Насос ЮНК-31Е-100/30-18.5/2,Техника
2335,Блок водяного охлаждения куллер5.5л,Инструмент
2336,Блок водяного охлаждения куллер5.5л,Инструмент
2332,Сварочный аппарат форсаж 315м,Инструмент
2333,Сварочный аппарат форсаж 315м,Инструмент
2337,Tig 315 p ac/dc multiweve pro,Инструмент
2222,Анкерная петля,Техника
2223,Анкерная петля,Техника
2224,Анкерная петля,Техника
2225,Спасательное подъёмное устройство питон,Техника
2226,Спасательное подъёмное устройство питон,Техника
2227,Страховочная привязь,Техника
2228,Страховочная привязь,Техника
2237,Страховочная привязь,Техника
2238,Страховочная привязь,Техника
2239,Страховочная привязь,Техника
2240,Страховочная привязь,Техника
2241,Страховочная привязь,Техника
2242,Страховочная привязь,Техника
2255,Средство защиты втягивающего типа,Техника
2259,Плазморез,Инструмент
2260,Фонарь ручной,Оборудование
2263,Фонарь ручной,Оборудование
2264,Фонарь ручной,Оборудование
2265,Фонарь ручной,Оборудование
2266,Фонарь ручной,Оборудование
2267,Фонарь ручной,Оборудование
2366,ПДУ-3,Спецодежда и СИЗ
2367,ПДУ-3,Спецодежда и СИЗ
2368,ПДУ-3,Спецодежда и СИЗ
2268,Фонарь ручной,Оборудование
2269,Фонарь ручной,Оборудование
2270,Фонарь ручной,Оборудование
2271,Фонарь ручной,Оборудование
2272,Фонарь ручной,Оборудование
2273,Фонарь ручной,Оборудование
2274,Фонарь ручной,Оборудование
2290,Термопенал,Оборудование
2291,Термопенал,Оборудование
2292,Термопенал,Оборудование
2293,Термопенал,Оборудование
2294,Ключ цепной,Инструмент
2295,Редуктор кислородный,Расходники
2296,УШМ,Инструмент
2297,УШМ,Инструмент
2299,Осушитель,Расходники
2304,Голубенький прибор,Измерительные приборы
2305,Голубенький прибор,Измерительные приборы
2310,Щиток сварщика Сварог pro b40,Спецодежда и СИЗ
2311,Щиток сварщика Сварог pro b40,Спецодежда и СИЗ
2312,Сизод с принудительной подачей воздуха,Спецодежда и СИЗ
2313,Сизод с принудительной подачей воздуха,Спецодежда и СИЗ
2396,Средство защиты втягивающего типа НВ evsk15,Спецодежда и СИЗ
2338,Tig 315 p ac/dc multiweve pro,Инструмент
2341,Топ-сенс310,Измерительные приборы
2342,Топ-сенс310,Измерительные приборы
2343,Топ-сенс310,Измерительные приборы
2344,Топ-сенс310,Измерительные приборы
2345,Топ-сенс310,Измерительные приборы
2346,Топ-сенс310,Измерительные приборы
2400,Привязь высота,Спецодежда и СИЗ
2401,Привязь высота,Спецодежда и СИЗ
2402,Привязь высота,Спецодежда и СИЗ
2403,Привязь высота,Спецодежда и СИЗ
2404,Привязь высота,Спецодежда и СИЗ
2347,Топ сенс 210 h2s,Измерительные приборы
2348,Топ сенс 210 h2s,Измерительные приборы
2349,Топ сенс 210 h2s,Измерительные приборы
2413,Модуль 268с-кск,Спецодежда и СИЗ
2414,Модуль 268с-кск,Спецодежда и СИЗ
2350,Топ сенс 210 h2s,Измерительные приборы
2351,Топ сенс 210 h2s,Измерительные приборы
2352,Топ сенс 210 h2s,Измерительные приборы
2353,Топ сенс 210 h2s,Измерительные приборы
2354,Топ сенс 210 h2s,Измерительные приборы
2355,Топ сенс 210 h2s,Измерительные приборы
2356,Топ сенс 210 h2s,Измерительные приборы
2357,Топ сенс 210 h2s,Измерительные приборы
2358,Топ сенс 210 h2s,Измерительные приборы
2359,Топ сенс 210 h2s,Измерительные приборы
2360,Топ сенс 210 h2s,Измерительные приборы
2361,Топ сенс 210 h2s,Измерительные приборы
2427,Насос ЮНК-31Е-100/30-18.5/2,Техника
2428,Gematech мембранный насос,Техника
2429,Gematech мембранный насос,Техника
2430,Yartek 700,Техника
2369,ПДУ-3,Спецодежда и СИЗ
2370,ПДУ-3,Спецодежда и СИЗ
2373,ПДУ-3,Спецодежда и СИЗ
2455,ПДУ-3,Спецодежда и СИЗ
2456,ПДУ-3,Спецодежда и СИЗ
2457,ПДУ-3,Спецодежда и СИЗ
2458,ПДУ-3,Спецодежда и СИЗ
2443,Компрессор винтовой 5m3h 30кВт,Инструмент
2459,ПДУ-3,Спецодежда и СИЗ
2374,ПДУ-3,Спецодежда и СИЗ
2375,ПДУ-3,Спецодежда и СИЗ
2376,ПДУ-3,Спецодежда и СИЗ
2377,ПДУ-3,Спецодежда и СИЗ
2378,ПДУ-3,Спецодежда и СИЗ
2379,ПДУ-3,Спецодежда и СИЗ
2380,ПДУ-3,Спецодежда и СИЗ
2381,ПДУ-3,Спецодежда и СИЗ
2472,Фонарь налобный ex petzl,Оборудование
2473,Фонарь налобный ex petzl,Оборудование
2474,Фонарь налобный ex petzl,Оборудование
2475,Фонарь налобный ex petzl,Оборудование
2382,ПДУ-3,Спецодежда и СИЗ
2383,ПДУ-3,Спецодежда и СИЗ
2384,ПДУ-3,Спецодежда и СИЗ
2385,ПДУ-3,Спецодежда и СИЗ
2391,Фонарь налобный peli 2690 ex,Оборудование
2392,ФРВС Фонарь ручной взрывозащищённый светодиодный в комплекте с з/у,Оборудование
2393,ФРВС Фонарь ручной взрывозащищённый светодиодный в комплекте с з/у,Оборудование
2394,ФРВС Фонарь ручной взрывозащищённый светодиодный в комплекте с з/у,Оборудование
2395,ФРВС Фонарь ручной взрывозащищённый светодиодный в комплекте с з/у,Оборудование
3315,Шланг,""
3316,Головка Ø33,""
3317,Манометр,""
2397,Привязь высота,Спецодежда и СИЗ
2398,Привязь высота,Спецодежда и СИЗ
2399,Привязь высота,Спецодежда и СИЗ
2503,Фонарь налобный ex petzl,Оборудование
2510,Удлинитель 30метров,Инструмент
1803,Лестница навесная 2 м,Оборудование
1805,"Связь горизонтальная 5,2 м. ЛХ (48*2 мм) обжимная",Оборудование
2512,Wifi/usb видеоэндоскоп,Спецодежда и СИЗ
2515,Газоанализатор Лидер 01,Измерительные приборы
2537,Насос Petroll,Техника
2533,ПГ ЭРИС 414-2,Измерительные приборы
2534,ПГ ЭРИС 414-2,Измерительные приборы
2535,ПГ ЭРИС 414-2,Измерительные приборы
2536,ПГ Эрис 414 газоанализатор,Измерительные приборы
2405,Привязь высота,Спецодежда и СИЗ
2538,Насос Petroll,Техника
2539,Насос,Техника
2406,Привязь высота,Спецодежда и СИЗ
2418,ФРВС Фонарь ручной взрывозащищённый светодиодный в комплекте с з/у,Оборудование
2419,ФРВС Фонарь ручной взрывозащищённый светодиодный в комплекте с з/у,Оборудование
2420,налобный фонарь petzl pixa 1,Оборудование
2421,налобный фонарь petzl pixa 1,Оборудование
2550,гибкий антистатичный воздуховод d300mm 10m,Оборудование
2551,гибкий антистатичный воздуховод d300mm 10m,Оборудование
2423,Топ-сенс310,Измерительные приборы
2424,Топ-сенс310,Измерительные приборы
2554,"Светильник светодиодный взрывозащищённый ДИОРА, D60Ex, 2Ех nRllCT6GcX",Оборудование
2555,Светильник светодиодный SVT-Str-U-V-100Eх,Оборудование
2425,Топ-сенс310,Измерительные приборы
2441,Молоток отбойный,Инструмент
2442,Молоток отбойный,Инструмент
2444,ПТС профи-м,Спецодежда и СИЗ
2445,ПТС профи-м,Спецодежда и СИЗ
2446,ПТС профи-м,Спецодежда и СИЗ
2463,ФРВС Фонарь ручной взрывозащищённый светодиодный в комплекте с з/у,Оборудование
2464,ФРВС Фонарь ручной взрывозащищённый светодиодный в комплекте с з/у,Оборудование
2465,ФРВС Фонарь ручной взрывозащищённый светодиодный в комплекте с з/у,Оборудование
2466,Набор ключей сата 5.5-24мм,Инструмент
2467,Лестница телескопическая 6.2м,Спецодежда и СИЗ
2573,"Набор ключей комбинированных ДЕЛО ТЕХНИКИ, 22 шт, (6-32), ДТ/4, сумка",Инструмент
2470,ПТС профи-м,Спецодежда и СИЗ
2578,"Угловая шлифмашина MAKITA (УШМ), D125 мм, 840 Вт,",Инструмент
2579,"Угловая шлифмашина MAKITA (УШМ), D125 мм, 1100 Вт, 1,8 кг",Инструмент
2581,набор головок,Инструмент
2585,насос садовый sterwins,Техника
2590,промышленная тележка гидравлическая team bf-2.5 тг25,Оборудование
2593,ФРВС Фонарь ручной взрывозащищённый светодиодный в комплекте с з/у,Оборудование
2468,ПТС профи-м,Спецодежда и СИЗ
2587,"Радиостанция UANSHENG TG-1680, мощность 8W, с гарнитурой и чехлом. зарядной станцией, рация",Измерительные приборы
2588,"Радиостанция UANSHENG TG-1680, мощность 8W, с гарнитурой и чехлом. зарядной станцией, рация",Измерительные приборы
2589,мембранный насос YARTEK 680л/мин,Техника
2595,"Насос WiloТипIL100/150-15-2,15кВт",Техника
2596,"Насос WiloТипIL80/220-30/2,30кВт",Техника
2597,"Насос WiloТипIL80/220-30/2,30кВт",Техника
2602,Анализатор качества нефтепродуктов SHATOX SX-300,Измерительные приборы
2603,"Набор бит MAKITA, 47 штук, с трещеткой",Инструмент
2624,Маслянный радиатор BALLU CL 07BRN,Оборудование
2469,ПТС профи-м,Спецодежда и СИЗ
2478,зажим ручной ЖУМАР под левую руку,Спецодежда и СИЗ
1900,Зажимные клещи 250 мм INFORCE,Инструмент
2479,зажим ручной ЖУМАР под левую руку,Спецодежда и СИЗ
2480,Газоанализатор Сеан h2s,Измерительные приборы
2617,"Установка насосная гидроочистная БАЙКАЛ УНГ 150-3, 150л/мин, 30МПа",Техника
2621,"Азотная пневмопушка ИСТА, черная (ружье), 1л.",Инструмент
2622,"Азотная пневмопушка ИСТА, серебристая (ружье), 3л.",Инструмент
2629,Газоанализатор SENKO SP2ND (H2S) для измерения объемной доли сероводород,Измерительные приборы
2630,Газоанализатор SENKO SP2ND (O2) для измерения объемной доли кислорода,Измерительные приборы
1938,Транспортно роликовая платформа,Техника
1939,Транспортно роликовая платформа,Техника
1940,Транспортно роликовая платформа,Техника
1941,Транспортно роликовая платформа,Техника
2481,Газоанализатор Сеан h2s,Измерительные приборы
1942,Транспортно роликовая платформа,Техника
2631,Газоанализатор одноканальный ALTAIR H2S,Измерительные приборы
2654,УШМ,Инструмент
2482,Газоанализатор Сеан h2s,Измерительные приборы
1899,Зажимные клещи 250 мм INFORCE,Инструмент
2636,"Пневмошлифовальная машина угловая FUBAG GAC 20000, 6.3 бар, 122 л/мин, 20000 об/мин 1/4F",Инструмент
2483,Газоанализатор Сеан h2s,Измерительные приборы
2484,Газоанализатор Сеан h2s,Измерительные приборы
1943,Транспортно роликовая платформа,Техника
1944,Транспортно роликовая платформа,Техника
2485,Газоанализатор Сеан h2s,Измерительные приборы
2489,Газоанализатор Сеан h2s,Измерительные приборы
2490,Газоанализатор Сеан h2s,Измерительные приборы
2491,Газоанализатор Сеан h2s,Измерительные приборы
1945,Транспортно роликовая платформа,Техника
2497,Пневматический вакумный насос,Техника
2655,"Угловая шлифмашина MAKITA (УШМ), D230 мм, 2000 Вт, 4,2 кг",Инструмент
2498,Фонарь налобный ex petzl,Оборудование
2499,Фонарь налобный ex petzl,Оборудование
2501,Фонарь налобный ex petzl,Оборудование
2502,Фонарь налобный ex petzl,Оборудование
2662,набор ударных тоцевых головок 9 предметов,Инструмент
2665,набор ударных торцевых головок 9 предметов,Инструмент
2669,Газоанализатор КОЛИОН-1В 1ExibIIBT4,Измерительные приборы
2670,Газоанализатор КОЛИОН-1В 1ExibIIBT4,Измерительные приборы
2671,Газоанализатор КОЛИОН-1В 1ExibIIBT4,Измерительные приборы
2672,Радиостанция (пара) LIRA P-580UV,Измерительные приборы
2675,Насосная установка центробежная КМН 125-100-160 2Г СО,Техника
2676,Насосная установка центробежная КМН 100-80-160 2Г СО,Техника
2678,"Насосная установка центробежная, химическая (зеленый) КМХ 65-40-200П",Техника
2679,"Насос химический КНЗ Х150-125-315К-СД, 380В, 45кВт, Q=200 м3/ч, H=32 м, Двых=125 мм",Техника
2680,"Электромуфтовый сварочный аппарат RIJING MAKINA HDM 315, (20-315 мм)",Инструмент
2542,удлинитель 50 метров 3х2.5,Инструмент
2545,"Счетчик МЕРКУРИЙ 230 АМ-02, 380В, 3х230/400V 10(100)A 50Hz",Измерительные приборы
2689,"Сигнализатор-течеискатель горючих газов переносной, УХЛ1.1, IP68, 3V, 1ExibdIICT6X",Измерительные приборы
2690,"Сигнализатор-течеискатель горючих газов переносной, УХЛ1.1, IP68, 3V, 1ExibdIICT6X",Измерительные приборы
2691,"Сигнализатор-течеискатель горючих газов переносной, УХЛ1.1, IP68, 3V, 1ExibdIICT6X",Измерительные приборы
2692,"Сигнализатор-течеискатель горючих газов переносной, УХЛ1.1, IP68, 3V, 1ExibdIICT6X",Измерительные приборы
2693,"Сигнализатор-течеискатель горючих газов переносной, УХЛ1.1, IP68, 3V, 1ExibdIICT6X",Измерительные приборы
2694,"Сигнализатор-течеискатель горючих газов переносной, УХЛ1.1, IP68, 3V, 1ExibdIICT6X",Измерительные приборы
2695,"Сигнализатор-течеискатель горючих газов переносной, УХЛ1.1, IP68, 3V, 1ExibdIICT6X",Измерительные приборы
2696,"Сигнализатор-течеискатель горючих газов переносной, УХЛ1.1, IP68, 3V, 1ExibdIICT6X",Измерительные приборы
2701,ключ разводной 200mm,Инструмент
2702,ключ разводной,Инструмент
2704,головка торцевая ударная 54mm,Инструмент
2546,"Удлинитель силовой INFORCE б/катушки КГ3x2.5, 30м, 3.5кВт, 16А, IP20. 1 розетка с з/к",Инструмент
2547,"Удлинитель силовой INFORCE на металл. катушке КГ 3x2.5 50м, 16А, 4 встр. Розетки",Инструмент
2548,насос садовый,Техника
2549,насос садовый,Техника
2552,вентелятор SHT-30-EX,Оборудование
2553,аварийный душ,Спецодежда и СИЗ
2426,Теплообменник пластинчатый титановый,Оборудование
2722,"Угловая шлифмашина MAKITA (УШМ). D230 мм, 2200Вт, 6600об/м",Инструмент
2725,удлинитель 50 метров на катушке 3х2.5,Инструмент
2727,набор головок 26-32мм,Инструмент
2736,Мотопомпа для нефтепродуктов Танкер-049 (01.2017),Техника
2737,Мотопомпа для нефтепродуктов Танкер-049 (05.2017),Техника
2738,"Генератор дизельный TSS SSDG 6000EH, 6,5 кВт,",Инструмент
2560,средство защиты втягивающего типа HB-02,Спецодежда и СИЗ
2742,"Пневмоимпульсная установка ИСТА-3, 25 л с блоком управления,",Инструмент
2561,средство защиты втягивающего типа HB-02,Спецодежда и СИЗ
2562,средство защиты втягивающего типа HB-02,Спецодежда и СИЗ
2236,Страховочная привязь,Техника
2563,средство защиты втягивающего типа HB-02,Спецодежда и СИЗ
2564,зажим ручной ЖУМАР под левую руку,Спецодежда и СИЗ
3332,Головка Ø33,""
2751,"Лебедка GTS KCD-500/1000 электрическая (r/n 0,5/1,0 тн; 60/30м; 220V)",Техника
1761,Магнитный кронштейн для уровня,Инструмент
1762,Магнитный кронштейн для уровня,Инструмент
1763,Редуктор кислородный,Расходники
1787,"Щит 0,5*1,5 м.",Оборудование
2753,"Компрессор электрический АЭРУС, 1,16кВт, 180л/мин, бак 6л, 8 бар, 3550 об/мин",Инструмент
2754,"Лебедка шестеренчатая механическая STURM, 0.8т, стальной трос 10м/5 мм",Техника
2048,Привязь ЗУБР,Спецодежда и СИЗ
2049,Привязь ЗУБР,Спецодежда и СИЗ
2050,Привязь ЗУБР,Спецодежда и СИЗ
2051,Привязь ЗУБР,Спецодежда и СИЗ
2052,Интерскол аккум. дрель-шуруповерт,Инструмент
2053,Интерскол аккум. дрель-шуруповерт,Инструмент
2054,Интерскол аккум. дрель-шуруповерт,Инструмент
2055,Дрель-шуруповерт аккумуляторная Вихрь ДА-24Л-2К/Б,Инструмент
2541,"Бочка евро 48 л, полиэтилен, синяя, черная крышка, затяжной обруч оцинкованный",Оборудование
2543,"Щит управления насосом ЩУН №10 , 7,5/11кВт",Инструмент
2544,"Щит управления насосом ЩУН №9, 600х400х250",Инструмент
2059,Топ-сенс310,Измерительные приборы
2256,Средство защиты втягивающего типа,Техника
2257,Средство защиты втягивающего типа,Техника
2258,Средство защиты втягивающего типа,Техника
2431,Баллон металокампазитный,Спецодежда и СИЗ
2432,Баллон металокампазитный,Спецодежда и СИЗ
2433,Баллон металокампазитный,Спецодежда и СИЗ
2434,Баллон металокампазитный,Спецодежда и СИЗ
2435,Баллон металокампазитный,Спецодежда и СИЗ
2436,Баллон металокампазитный,Спецодежда и СИЗ
2437,Баллон металокампазитный,Спецодежда и СИЗ
2438,Баллон металокампазитный,Спецодежда и СИЗ
2439,Баллон металокампазитный,Спецодежда и СИЗ
2440,Баллон металокампазитный,Спецодежда и СИЗ
2371,ПДУ-3,Спецодежда и СИЗ
2372,ПДУ-3,Спецодежда и СИЗ
2407,Привязь высота,Спецодежда и СИЗ
2408,Привязь высота,Спецодежда и СИЗ
2409,Привязь высота,Спецодежда и СИЗ
2411,ФРВС Фонарь ручной взрывозащищённый светодиодный в комплекте с з/у,Оборудование
2447,Баллон металлокомпозитный баллон с установленным вентилем ARMOTECH ВМК 6.8-139-300,Оборудование
2448,Баллон металлокомпозитный баллон с установленным вентилем ARMOTECH ВМК 6.8-139-300,Оборудование
2449,Баллон металлокомпозитный баллон с установленным вентилем ARMOTECH ВМК 6.8-139-300,Оборудование
2412,ФРВС Фонарь ручной взрывозащищённый светодиодный в комплекте с з/у,Оборудование
2415,Petzl pixa2,Оборудование
2416,Petzl pixa2,Оборудование
2417,Petzl pixa2,Оборудование
2422,Топ-сенс310,Измерительные приборы
1757,Набор искробезопасных ключей.,Инструмент
1758,Набор искробезопасных ключей.,Инструмент
1759,Набор искробезопасных ключей.,Инструмент
1760,Набор искробезопасных ключей.,Инструмент
2658,набор для пайки,Инструмент
1765,Ножницы гидравлические,Инструмент
2001,УШМ Patriot,Инструмент
2565,привязь высота 042,Спецодежда и СИЗ
2566,привязь высота 042,Спецодежда и СИЗ
2567,привязь высота 042,Спецодежда и СИЗ
2568,блок ролик одинарный большой с подшипником 46кН,Спецодежда и СИЗ
2017,Электромеханическая зиговочная машина R2,Оборудование
2018,Электромеханические вальцы,Оборудование
2570,Ящик красный авто№1,Оборудование
2571,Ящик красный авто№2,Оборудование
2572,"Ключ трубный KRAFTOOL, Crome Vanadium №1, желто-черный",Инструмент
2574,"Фен строительный METABO H 16-500, 1,6 кВт, 220В",Инструмент
2576,"Фонарь с магнитом LEXMAN 24 LED, 3 ААА, IP20, 2 источника света, ручной с крючком",Оборудование
2580,"Набор свёрел METABO HSS-R 25, 1-13мм в мет.коробке",Инструмент
2586,светильник головной взрывозащищённый нгр,Оборудование
2591,"Минимойка высокого давления STERWINS 135 бар,420л/ч,2 кВт",Техника
2163,Пду3,Спецодежда и СИЗ
2598,Воздушный поршневой маслянный компрессор АЭРУС 210/24,Инструмент
2600,Фонарь ручной СПУТНИК AFP824-10W,Оборудование
2601,Колориметр на железо HANNA-HI 96721,Измерительные приборы
2605,"Аппарат водоструйный высокого давления ПРЕУС T3517EX, Q=17 л/мин",Техника
2606,Пуско-зарядное устройство ELITECH УПЗ 600/540 для зарядки аккумуляторов 12/24В автомобилей,Инструмент
2607,"Набор метчиков и плашек TOPEX М3-М12, 32 шт",Инструмент
2608,Весы электронные 200г / 0.01,Инструмент
1811,"Двойной строп из ленты с амортизатором, с двумя большими монтажными и соединительным карабином ПРОГРЕСС СЕФЕТИ Строп аАд+Кс исп.3",Спецодежда и СИЗ
1812,"Универсальный набор инструмента Ombra OMT82S торцевые головки и аксессуары к ним, 82 предмета",Инструмент
1804,Хомут поворотный (Универсальный),Оборудование
1799,"Поперечина 1,5 м. ЛХ (48*1,5 мм)",Оборудование
1800,Подпятник 48 мм.,Оборудование
1801,Кронштейн 48 мм.,Оборудование
1802,"Настил деревянный 1,2*0,45 м. (25 мм.)",Оборудование
1806,Стойка вертикальная 2 м. (48*2 мм) ЛХ-60,Оборудование
1807,Стойка вертикальная 4 м. (48*2 мм) ЛХ-60,Оборудование
1810,Удерживающая страховочная привязь Gigant УСП 2 Ж 5 Prime комфорт,Спецодежда и СИЗ
2229,Страховочная привязь,Техника
2610,"Набор ударных головок SATA (10-24 мм; 1/2""), 12 предметов",Инструмент
2611,Набор инструментов GIGANT GT-23 (23 предмета),Инструмент
2613,"Набор ударных торцевых головок JONNESWAY, 9 предметов",Инструмент
2614,"Ключ трещотка JONNESWAY 3/4""DR 24 зубца, 500 мм",Инструмент
2616,"Дрель STURM ID20165M, 0-500 об./мин., 1300Вт",Инструмент
2620,"Реечный домкрат ТОР SWL 10610, 10т",Техника
2627,свелильный станок,Инструмент
1821,Торцевой монтажный ключ CNIC MT9201 19x22 мм,Инструмент
1822,Усиленные ножницы по металлу KRAFTOOL Bulldog левые,Инструмент
1823,Кусачки торцевые VETTLER 200 мм,Инструмент
1824,Архивный шкаф Gigant ШХА G-ШХА-850,Оборудование
1825,Лазерный дальномер с угломером RGK DL100G,Измерительные приборы
1826,УШМ Patriot,Инструмент
1827,Пояс монтажника Denzel сумки поясные,Спецодежда и СИЗ
2450,Пш10,Спецодежда и СИЗ
2451,Пш10,Спецодежда и СИЗ
2452,Пш10,Спецодежда и СИЗ
2453,Пш10,Спецодежда и СИЗ
2460,ПДУ-3,Спецодежда и СИЗ
2461,ПДУ-3,Спецодежда и СИЗ
2632,Газоанализатор одноканальный ALTAIR H2S,Измерительные приборы
2633,Газоанализатор одноканальный ALTAIR H2S,Измерительные приборы
1832,"Ремень стяжной 25 мм , 5 м , 700 кг CROWNMAN",Техника
1828,Сумка для инструмента Denzel 500x245x300 мм,Спецодежда и СИЗ
1829,Налобный аккумуляторный фонарь Gauss 3W 220lm Li-ion 1200mAh LED,Оборудование
1830,Рулетка Gigant Professional с магнитным зацепом 3м 19мм,Инструмент
1831,Угловая шлифовальная бесщеточная машина MABAR,Инструмент
1833,Молоток слесарный 600 г RAGE by VIRA,Инструмент
1834,"Набор ключей шестигранных с шариком, 9 предметов",Инструмент
1835,Набор отверток CROWNMAN 4 шт,Инструмент
1836,Фонарь ультрафиолетовый,Оборудование
1837,Насос пластинчато-роторный,Техника
1838,Дыхательный аппарат,Спецодежда и СИЗ
1839,Дыхательный аппарат,Спецодежда и СИЗ
1840,Дыхательный аппарат,Спецодежда и СИЗ
1841,Магнит поисковый,Оборудование
2634,"Гайковерт угловой пневматический, 1/2"". 220 л/мин, 6,2 атм, 82 Нм. 1/4F",Инструмент
2635,"Пневмодрель реверсивная FUBAG DRS 1800, 6.3 бар, 142 л/мин, 1800 об/мин",Инструмент
2637,"Гайковерт ударный пневматический, 3/4"", 1085 Нм, 6.3 атм, 6500 об/мин, 1/4F, 198 л/мин",Инструмент
2638,"Гайковерт удлиненный пневматический ударный, 1"", 6.3 атм, 2440 нМ, 4000об/мин, 255 л/мин",Инструмент
1851,Левые усиленные ножницы по металлу KRAFTOOL Alligator,Инструмент
1852,TOLSEN Ключ трещоточный монтажный 19х22 мм,Инструмент
1860,Ролики для желобного зига S 1-3,Расходники
1853,"Рулетка WORKPRO мягкая, 3 м",Инструмент
2326,"ВИК ""поверенный""",Инструмент
1854,Крюк для скручивания проволоки FIT 220 мм,Инструмент
1856,Тросовый комплект для подвешивания KREPFIELD kf102,Техника
1857,Одинарный блок для троса Tech-Krep оцинк. нейлон.шкив 30мм,Спецодежда и СИЗ
1858,"Поясная сумка монтажника, электрика для инструмента DELI DL-P5 с ремнем",Спецодежда и СИЗ
1859,Фал антистатический МОЛОТ ФЛК 4 5 метров ФЛК-4 5м,Спецодежда и СИЗ
1861,Шкаф Монолит Дублин высокий 3 откр. полки 800x400x1980,Оборудование
2462,ФРВС Фонарь ручной взрывозащищённый светодиодный в комплекте с з/у,Оборудование
3169,Головка Ø33,""
1862,Ключ трещоточный монтажный 19х21 мм,Инструмент
1865,"Рожковый ударный односторонний ключ Rockforce 110мм, L-460мм",Инструмент
1866,"Измерительная рулетка с магнитным крюком, 5x25мм Gigant GWM525",Инструмент
1867,Двойной регулируемый строп Alpsafe с амортизатором AKN31,Спецодежда и СИЗ
1868,Профессиональные бокорезы Inforce 180 мм,Инструмент
1869,Усиленные ножницы по металлу KRAFTOOL Bulldog левые,Инструмент
1870,Литой магнитный уровень STAYER HARD-М 250 мм 3488,Инструмент
1871,Светодиодный прожектор IN HOME СДО-7 100Вт 230В 6500К IP65,Оборудование
1872,Набор образцов шероховатости НТЦ Эксперт ОШС-ШП Rz 10; 20; 40; 60; 80 мкм,Оборудование
1873,Страховочная привязь Зубр Эльбрус,Спецодежда и СИЗ
1875,Фонарь ЭРА RA-801 Рабочий,Оборудование
1876,Листовые ножницы по металлу Makita JS1602,Инструмент
1877,"Заклепочник Denzel ручной, 255 мм",Инструмент
1878,Зиговочный станок FABTEC RM-08 54228,Инструмент
1879,Пневмошланг,Инструмент
1880,Пневмошланг,Инструмент
1882,"РВД 250bar, 3/8"", 15м.",Техника
1883,"РВД 250bar, 3/8"", 15м.",Техника
1884,"РВД 250bar, 3/8"", 15м.",Техника
1885,"РВД 250bar, 3/8"", 15м.",Техника
1886,"РВД 250bar, 3/8"", 15м.",Техника
1887,"РВД 250bar, 3/8"", 15м.",Техника
1888,"РВД 250bar, 3/8"", 15м.",Техника
1889,"РВД 250bar, 3/8"", 15м.",Техника
1894,Окрасочный аппарат,Техника
1895,Окрасочный аппарат,Техника
1898,"Блок контейнер 6*2,4*2,4 ОСБ",Оборудование
1901,Зажимные клещи 250 мм INFORCE,Инструмент
1902,Зажимные клещи 250 мм INFORCE,Инструмент
1903,Быстрозажимная струбцина INFORCE 60*300,Инструмент
1904,Струбцина F образная Gigant 500*120*600 GCF 500,Инструмент
1905,Струбцина F образная Gigant 500*120*600 GCF 500,Инструмент
1906,Струбцина F образная Gigant 500*120*600 GCF 500,Инструмент
1907,Струбцина F образная Gigant 500*120*600 GCF 500,Инструмент
1909,Быстрозажимная струбцина INFORCE 60*300,Инструмент
1910,Штангенциркуль цифровой Mechanic 150 A00379,Инструмент
2486,Газоанализатор Сеан h2s,Измерительные приборы
2487,Газоанализатор Сеан h2s,Измерительные приборы
2488,Газоанализатор Сеан h2s,Измерительные приборы
1912,Дрель аккум. Ресанта ДА-14-2-ЛК,Инструмент
1911,УШМ Crownman PWT02027-EU,Инструмент
1920,Зигмашина MU 12,Оборудование
1914,Станок листогибочный ручной ПРОФИ L-2500 с отрезным ножом,Оборудование
1915,Ножницы по металлу Makita JS1602,Инструмент
1916,Штангенциркуль 0-600мм debever mashing solushions,Инструмент
1917,"Набор инструментов Stels , 82 предмета ,14117",Инструмент
1918,Ножницы по металлу Makita JS1602,Инструмент
1921,Холодильник Nordfrost NRT 141032,Оборудование
2500,Фонарь налобный ex petzl,Оборудование
1946,Тележка для тали,Техника
1947,Тележка для тали,Техника
2557,"Сварочный инвертор FUBAG IR 200 , 220В, 8,6 кВт, 200А (max). DX25",Инструмент
2558,верёвка высокопрочная страховочная статическая 10mm 50m,Техника
2559,средство защиты втягивающего типа HB-02,Спецодежда и СИЗ
1948,Зажим для тали,Техника
1949,Зажим для тали,Техника
1950,Зажим для тали,Техника
1951,Зажим для тали,Техника
1967,Ламинатор,Оборудование
1974,Пду3,Спецодежда и СИЗ
1975,Пду3,Спецодежда и СИЗ
1976,Пду3,Спецодежда и СИЗ
1977,Пду3,Спецодежда и СИЗ
1978,Пду3,Спецодежда и СИЗ
1979,Пду3,Спецодежда и СИЗ
1980,Пду3,Спецодежда и СИЗ
1981,Пду3,Спецодежда и СИЗ
1982,Пду3,Спецодежда и СИЗ
1983,Пду3,Спецодежда и СИЗ
1999,Зиговочный станок,Оборудование
2000,УШМ Patriot,Инструмент
2002,УШМ Patriot,Инструмент
2003,УШМ Patriot,Инструмент
2004,УШМ Patriot,Инструмент
2005,УШМ Patriot,Инструмент
2006,УШМ Patriot,Инструмент
2007,УШМ Patriot,Инструмент
2008,УШМ Patriot,Инструмент
2011,УШМ MABAR,Инструмент
2012,УШМ MABAR,Инструмент
2013,УШМ Zitrek,Инструмент
2014,УШМ Zitrek,Инструмент
2015,УШМ Zitrek,Инструмент
2016,УШМ Zitrek,Инструмент
3331,Шланг,""
3333,Манометр,""
2019,Вальцовочный станок,Оборудование
2020,Гильотинные ножницы,Оборудование
2056,УШМ Patriot AG 125,Инструмент
2021,Правильно подающий станок 3E Makina,Оборудование
2082,Маска сварщика РЕСАНТА,Спецодежда и СИЗ
2134,Пду3,Спецодежда и СИЗ
2135,Пду3,Спецодежда и СИЗ
2136,Пду3,Спецодежда и СИЗ
2137,Пду3,Спецодежда и СИЗ
2138,Пду3,Спецодежда и СИЗ
2139,Пду3,Спецодежда и СИЗ
2140,Пду3,Спецодежда и СИЗ
2141,Пду3,Спецодежда и СИЗ
2142,Пду3,Спецодежда и СИЗ
2152,Пду3,Спецодежда и СИЗ
2575,Пирометр мегеон 16400,Измерительные приборы
2577,"Шуруповерт DEWALT DCD785C2, 18В, 1.5Ач, 2АКБ, 1,6 кг",Инструмент
2143,Пду3,Спецодежда и СИЗ
2144,Пду3,Спецодежда и СИЗ
2145,Пду3,Спецодежда и СИЗ
2146,Пду3,Спецодежда и СИЗ
2147,Пду3,Спецодежда и СИЗ
2148,Пду3,Спецодежда и СИЗ
2149,Пду3,Спецодежда и СИЗ
2150,Пду3,Спецодежда и СИЗ
2158,Пду3,Спецодежда и СИЗ
2159,Пду3,Спецодежда и СИЗ
2151,Пду3,Спецодежда и СИЗ
2153,Пду3,Спецодежда и СИЗ
2154,Пду3,Спецодежда и СИЗ
2155,Пду3,Спецодежда и СИЗ
2156,Пду3,Спецодежда и СИЗ
2157,Пду3,Спецодежда и СИЗ
2160,Пду3,Спецодежда и СИЗ
2161,Пду3,Спецодежда и СИЗ
2162,Пду3,Спецодежда и СИЗ
2639,"Гайковерт ударный пневматический FUBAG IW1600, 3/4""",Инструмент
2640,"Гайковерт ударный акумуляторный MAKITA, 3/4"", 18В Li-Ion",Инструмент
2641,Набор Аккумуляторов в боксе MAKITA MKP1RM182,Инструмент
2643,СЕАН-П газоанализатор,Измерительные приборы
2339,Щиток сварщика сварог,Спецодежда и СИЗ
2644,"Перфоратор DEWALT D 25134 K, 800 Вт, 3Дж, 3кг, sds-plus, 3 режима",Инструмент
2645,"Дрель ударная MAKITA, 710 Вт, в боксе с набором сверл",Инструмент
2647,Камера для видеодиагностики ROTHENBERGER ROSCOPE i2000,Измерительные приборы
2648,"Анализатор дымовых газов TESTO 330-1 LL (С, CO2.CO.O2) с сенсорами Longlife",Измерительные приборы
2649,циркулярная пила,Инструмент
2650,"Шуруповерт MAKITA, 18В, АКБ 2х1.5Ач, Li-ion, БЗП-13мм, без кейса",Инструмент
2164,тумба для документов,Оборудование
2165,тумба для документов,Оборудование
2166,тумба для документов,Оборудование
2167,стол письменный,Оборудование
2168,стол письменный,Оборудование
2169,стол письменный,Оборудование
2170,стол письменный,Оборудование
2171,стол письменный,Оборудование
2193,Кресло офисное,Оборудование
2194,Кресло офисное,Оборудование
2195,Кресло офисное,Оборудование
2196,Кресло офисное,Оборудование
2197,Кресло офисное,Оборудование
2198,Чайник электрический,Оборудование
2199,Микроволновка,Оборудование
2651,"Шуруповерт MAKITA, 18В, без АКБ и ЗУ",Инструмент
2652,"Угловая шлифмашина MAKITA (УШМ), D230 мм",Инструмент
2656,"Угловая шлифмашина MAKITA (УШМ), D230 мм, 2.2 кВт",Инструмент
2657,"Лобзик электрический. 570 Вт, h стали = 8 мм, h дерева=65 мм",Инструмент
2659,ключ трётка,Инструмент
2660,Сварочный инвертор РЕСАНТА САИ 190 ПН от 140 В 65/19,Инструмент
2661,ключ трещётка,Инструмент
2663,Инвертор сварочный с газовым шлангом и горелкой FUBAG INTIG 200,Инструмент
2664,Маска сварщика FUBAG Хамелеон,Спецодежда и СИЗ
2667,набор для сварки,Инструмент
2668,Комплект мех. инструмента для монтажа труб REHAU RAUTOOL M1,Инструмент
2673,рация,Спецодежда и СИЗ
2674,рация,Спецодежда и СИЗ
2677,"Насосная установка центробежная, химическая (серый) КМХ 80-50-200",Техника
2681,"Лестница-трансформер ЭЙФЕЛЬ, универсальная, высота 5.02 м, max 150 кг",Инструмент
2682,"Лестница-трансформер универсальная ЭЙФЕЛЬ, 4,48 м, 4 сек х 4 ступ",Инструмент
2683,Стальная стремянка BIBER,Оборудование
2684,Стремянка стальная BIBER 98107,Оборудование
2685,"Угловая шлифмашина MAKITA, D230 мм, 2200Вт, 6600 об/м",Инструмент
3236,Головка Ø33,""
2686,Пила сабельная BOSCH PSA 700 E,Инструмент
2687,"Сварочный инвертор FUBAG IR 200 , 220В, 8,6 кВт, 200А (max). DX25",Инструмент
2688,"Набор инструментов из автомобиля, металлический ящик",Инструмент
2699,Модуль порошкового пожаротушения компании ЭПОТОС-К,Спецодежда и СИЗ
2703,"Головка торцевая ударная шестигранная KING TONY, 54 мм; 1"", длина 80 мм",Инструмент
2705,"Головка торцевая JTC, 3/4” 21 мм",Инструмент
2706,головка торцевая ударная 21mm,Инструмент
2707,"Торцевая ударная головка JONNESWAY, 3/4""DR, 36 мм)",Инструмент
2708,"Головка торцевая ударная глубокая (6-гранная; квадрат с отверстием 1/2""DR; 32 мм)",Инструмент
2709,"Головка ударная для гайковерта БЕЛАК, 38 мм, квадрат с отверстием 1"", стальная",Инструмент
2710,"Переходник ударный для торцевых головок HANS 3/4""х1""",Инструмент
2711,"Компрессор пневматический FUBAG VCF/100 СM3, 440л/мин, 100л, 10бар 2.2кВт, 220В",Инструмент
3269,Манометр,""
2712,"Компрессор КАЛИБР на колесах (пневмоинструмент), эл двиг 220В",Инструмент
2713,"Компрессор КАЛИБР на колесах (пневмоинструмент), эл двиг 220В",Инструмент
2715,Ультразвуковая ванна лабораторная,Инструмент
2716,"Насос электрический КМ 80-32-125 Е, H=10м, Q=20 м3/ч",Техника
2718,"Генератор бензиновый Калибр БЭГ-2500, 2,5кВт, 220В",Инструмент
2719,"Помпа ЗУБР 3БМП-600, Q=600л/ч, H=26м, h=8м",Техника
2721,Помповый опрыскиватель Geolia V16 (салатовый),Оборудование
2723,"Угловая шлифмашина RYOBI EAG2000RS (УШМ) 230 мм, 2000Вт, 6000об/мин",Инструмент
2724,"Переноска-удлинитель желтая катушка ПВС, 30м (красный провод)",Инструмент
2726,набор медных фитингов в кейсе,Расходники
2728,набор головок 26-32мм,Инструмент
2729,набор головок 26-32мм,Инструмент
2730,перфоратор 850w,Инструмент
2731,"Ящик с инструментами СПУТНИК, синий",Оборудование
2733,"Штроборез ЗУБР, 1500Вт, Размер диска: 150 х 22 мм",Инструмент
2734,насос дренажный,Техника
2735,насос дренажный,Техника
2739,"Насосная установка ЦНС ЦНС-НТ-180-85 Q=180м3/ч, H=85м,",Техника
2740,"Пушка тепловая керамическая EQUATION PF02-G, 3000Вт, 220В",Оборудование
2743,"Садовый насос AL-KO JET 3000, 650 Вт, 220В, 3100 л/ч, h=8м",Техника
2744,"Таль ручная цепная TOP HS-C 101331, 3м, 3т, цепь 8мм, H=3 м",Техника
2745,таль цепная 3тонны,Техника
2746,таль цепная 3 тонны,Техника
2747,таль цепная 3 тонны,Техника
2749,"Таль ручная стационарная EURO-LIFT HSC 00011010 Chain Block TB , шестеренная аналог ТВ (5 т, 6 м)",Техника
2755,Насос опрессовочный электрический ROTHENBERGER RP PRO II,Техника
2756,насос опрессовочный,Техника
2757,"Шланг 15м, ПВХ DEXTER, 15бар d 8/13 (компрессор)",Расходники
3026,BIZ_EQUIP_1773939054170,Инструмент
3030,BIZ_EQUIP_1773939079321,Инструмент
3336,Кран шаровый,""
3239,Насос ЭЦВ,""
3240,Кран шаровый,""
2410,Устройство для сверление труб,Инструмент
3271,Насос ЭЦВ,""
3272,Кран шаровый,""
3287,Насос ЭЦВ,""
3471,Насос ЭЦВ,""
3461,Насос ЭЦВ,""
2230,Страховочная привязь,Техника
2231,Страховочная привязь,Техника
2232,Страховочная привязь,Техника
2233,Страховочная привязь,Техника
2234,Страховочная привязь,Техника
2235,Страховочная привязь,Техника
3468,Насос ЭЦВ,""
3478,Насос ЭЦВ,""
3116,Насос ЭЦВ,""
3117,Кран шаровый,""
3120,Насос ЭЦВ,""
3121,Кран шаровый,""
3131,Насос ЭЦВ,""
3132,Кран шаровый,""
3140,Насос ЭЦВ,""
3141,Кран шаровый,""
3153,Насос ЭЦВ,""
3407,Насос ЭЦВ,""
3408,Кран шаровый,""
3443,Насос ЭЦВ,""
3462,Кран шаровый,""
3172,Насос ЭЦВ,""
3173,Кран шаровый,""
3181,Насос ЭЦВ,""
3182,Кран шаровый,""
3195,Насос ЭЦВ,""
3196,Кран шаровый,""
3372,Кран шаровый,""
3389,Насос ЭЦВ,""
3209,Насос ЭЦВ,""
3210,Кран шаровый,""
3425,Насос ЭЦВ,""
3444,Кран шаровый,""
3371,Насос ЭЦВ,""
3426,Кран шаровый,""
3223,Насос ЭЦВ,""
3224,Кран шаровый,""
2471,ПТС профи-м,Спецодежда и СИЗ
2504,Эрис-41,Спецодежда и СИЗ
2505,Эрис-41,Спецодежда и СИЗ
2506,Эрис-41,Спецодежда и СИЗ
2508,Пылесос,Инструмент
2509,Эндоскоп мегеон,Инструмент
2511,Страховочная привязь,Спецодежда и СИЗ
2513,Привязь страховочная,Спецодежда и СИЗ
2514,Набор отвёрток 11шт,Инструмент
2516,Ёмкость 500л,Оборудование
2495,Пистолет для преус 10020,Техника
2496,Преус 10020ex,Техника
2507,Гибкое копьё dn3мм 11м 1050бар 1/4 на 1/16,Расходники
2314,Сизод с принудительной подачей воздуха,Спецодежда и СИЗ
2320,"ВИК ""поверенный""",Инструмент
2321,Электропечь,Инструмент
2322,Электропечь,Инструмент
2323,Редуктор кислородный,Расходники
2324,Laser tank 360,Инструмент
2325,Laser tank 360,Инструмент
2340,Щиток сварщика сварог,Спецодежда и СИЗ
2362,Пш 10б,Спецодежда и СИЗ
2363,Пш 10б,Спецодежда и СИЗ
2364,Пш 10б,Спецодежда и СИЗ
2365,Пш 10б,Спецодежда и СИЗ
2386,Ресивер рв900/10,Расходники
2387,Нагреватель фланцевый взрывозащищённый,Оборудование
2569,Ящик красный авто №4,Оборудование
2582,Ящик фанернный для инструментов АСГАРД 2 (1.0х0.5х0.5),Оборудование
2583,Ящик фанернный для инструментов АСГАРД 1 (1.0х0.5х0.5),Оборудование
2584,"Насос шестеренчетый для масел и диз. топлива НМШ 6.3м3/ч 5.4кВт, 25бар",Техника
2604,Высоконапорный водоструйный аппарат ПРЕУС Есо Е5022А,Техника
2609,"Набор торцевых головок FOXWELD для пневмогайковерта (10-27 мм; посадочный квадрат 1/2""; 10 шт.)",Инструмент
2612,"Набор ударных головок NEO 12-115 (8 шт; 26-38 мм; 3/4), 26, 27, 29, 30, 32, 35, 36, 38 мм.",Инструмент
2615,Ящик фанернный для инструментов АСГАРД 3 (0.87х0.33х0.33),Оборудование
2618,"Бустер (Инфлятор) для взрывной накачки колес, с автоматич пневмоклапаном, 11 л, 7-12 бар",Техника
2619,Пушка тепловая дизельная Gigant DHG20D,Оборудование
2623,"Фильтр маслянный PIUSI F006 11 B10, 70л/мин.",Расходники
2625,Ящик фанерно-реечный для инструментов 1350х600х600 (внутр),Оборудование
2626,Ящик фанерно-реечный для инструментов 1200х1000х900 (внеш),Оборудование
2628,"Парогенератор электрический ПАРГАРАНТ, Q Пар-50 кг/ч, P раб 1,0-5,5 МПа, W=10-38кВт, 380В, Vкотла 25л, (15-250)",Инструмент
2642,"Динамометрический ключ , 1/2"", 42-210 Нм, в футляре прозрачном цилиндрическом",Инструмент
2646,Портативный времяимпульсный ультразвуковой расходомер DYNAMETERS,Измерительные приборы
2653,"Электрический сучкорез PATRIOT CS152, длина шины 12""/30см",Инструмент
2666,"Гайковерт ударный электрический MAKITA, 3/4"". 850 Вт, 220В, 588Нм, 1600 уд/мин, 1700 об/мин",Инструмент
2697,"Извещатель пожарный дымовой автономный. IP40, сирена встроенная 85дБ, U-пит.9В («Крона»), I-потр. 0,03мА, t-раб.-10...+55С, IP30",Измерительные приборы
2698,"Извещатель пожарный дымовой автономный. IP40, сирена встроенная 85дБ, U-пит.9В («Крона»), I-потр. 0,03мА, t-раб.-10...+55С, IP30",Измерительные приборы
2714,Ультразвуковая ванна ГРАНД-ТЕХНОЛОДЖИ ПИ-220-35 с термостатом,Инструмент
2717,"Насос центробежный CM MAG-M2, Q=23 м3/ч, H=19м, Tраб +200С,",Техника
2720,"Помпа HONDA WB20XT, 600л/мин; 8/32м, 2,6кВт",Техника
2732,"Вентилятор тепловой спиральный CMI HFN-2002N, 2000Вт, 220В",Оборудование
2741,"Балон 50л для пневмоимпульсного устройства ИСТА-3-80, без клапана и блока управления",Инструмент
2748,"Лебедка JUN KAUNG ручная рычажная (тросовая), 2 крюка, 3м, трос 5 мм, 2,5т, синий кейс",Техника
2750,"Лебедка JENTAN рычажная 1600 кг (лягушка). трос 11 mm, без кейса, стальной корпус, серый",Техника
3319,Насос ЭЦВ,""
2752,"Лебедка канатная TOPEX с храповым тормозом (0.55 т, канат 10 м)",Техника
3320,Кран шаровый,""
3136,Шланг,""
3137,Головка Ø33,""
3138,Манометр,""
3149,Шланг,""
3150,Головка Ø33,""
3151,Манометр,""
3421,Шланг,""
3422,Головка Ø33,""
3423,Манометр,""
3439,Шланг,""
3440,Головка Ø33,""
3441,Манометр,""
3168,Шланг,""
3385,Шланг,""
3405,Манометр,""
3457,Шланг,""
3458,Головка Ø33,""
3170,Манометр,""
3177,Шланг,""
3178,Головка Ø33,""
3179,Манометр,""
3191,Шланг,""
3192,Головка Ø33,""
3193,Манометр,""
3369,Манометр,""
3386,Головка Ø33,""
3387,Манометр,""
3403,Шланг,""
3404,Головка Ø33,""
3205,Шланг,""
3206,Головка Ø33,""
3207,Манометр,""
3349,Шланг,""
3350,Головка Ø33,""
3351,Манометр,""
3367,Шланг,""
3368,Головка Ø33,""
3219,Шланг,""
3220,Головка Ø33,""
3221,Манометр,""
3459,Манометр,""
3483,Задвижка клиновая DN100,""
3354,Кран шаровый,""
3390,Кран шаровый,""
3235,Шланг,""
3237,Манометр,""
3251,Шланг,""
3252,Головка Ø33,""
3253,Манометр,""
3267,Шланг,""
3268,Головка Ø33,""
3283,Шланг,""
3284,Головка Ø33,""
3285,Манометр,""
3299,Шланг,""
3300,Головка Ø33,""
3301,Манометр,""
3335,Насос ЭЦВ,""
3154,Кран шаровый,""
3497,Насос ЭЦВ,""
3255,Насос ЭЦВ,""
3256,Кран шаровый,""
3353,Насос ЭЦВ,""
3288,Кран шаровый,""
3303,Насос ЭЦВ,""
3304,Кран шаровый,""
3492,Насос ЭЦВ,""
3499,Насос ЭЦВ,""
