name,src
BIZ_EQUIP_1773939054170,equipment
BIZ_EQUIP_1773939079321,equipment
Bulk Item 1,equipment
Bulk Item 2,equipment
Gematech мембранный насос,equipment
GPS/ГЛОНАСС маяк Starline M17,equipment
Laser tank 360,equipment
Petzl pixa2,equipment
Tig 315 p ac/dc multiweve pro,equipment
TOLSEN Ключ трещоточный монтажный 19х22 мм,equipment
UNIX полумаска изолирующая,equipment
WAREHOUSE Button Test Equipment,equipment
WH-Tool,equipment
Wifi/usb видеоэндоскоп,equipment
Yartek 700,equipment
аварийный душ,equipment
"Азотная пневмопушка ИСТА, серебристая (ружье), 3л.",equipment
"Азотная пневмопушка ИСТА, черная (ружье), 1л.",equipment
Аккумулятор для шуруповерта DB-201,equipment
"Аккумуляторная батарея ЗУБР Профессионал 20В, Li-Ion, 2Ач",equipment
"Аккумуляторная дрель-шуруповерт DCA 12 В, 2 АКБ 2 А*ч, в кейсе ADJZ1202i",equipment
Аккумуляторная дрель-шуруповерт Ресанта ДА-24-2ЛК 75/14/7,equipment
Аккумуляторная УШМ,equipment
"Анализатор дымовых газов TESTO 330-1 LL (С, CO2.CO.O2) с сенсорами Longlife",equipment
Анализатор качества нефтепродуктов SHATOX SX-300,equipment
Анкерная петля,equipment
"Аппарат водоструйный высокого давления ПРЕУС T3517EX, Q=17 л/мин",equipment
Аптечка первой помощи ООО АППОМЕД производственная сумка 2905,equipment
Архивный шкаф Gigant ШХА G-ШХА-850,equipment
Баллон металлокомпозитный баллон с установленным вентилем ARMOTECH ВМК 6.8-139-300,equipment
Баллон металокампазитный,equipment
"Балон 50л для пневмоимпульсного устройства ИСТА-3-80, без клапана и блока управления",equipment
Бесщеточная дрель-шуруповерт ЗУБР Профессионал DB-201,equipment
Блок водяного охлаждения куллер5.5л,equipment
"Блок контейнер 6*2,4*2,4 ОСБ",equipment
блок ролик одинарный большой с подшипником 46кН,equipment
Блок усиления полиспаст Runva SNB20000,equipment
"Бочка евро 48 л, полиэтилен, синяя, черная крышка, затяжной обруч оцинкованный",equipment
Брошюровщик,equipment
"Бустер (Инфлятор) для взрывной накачки колес, с автоматич пневмоклапаном, 11 л, 7-12 бар",equipment
Быстрозажимная струбцина INFORCE 60*300,equipment
Вальцовочный станок,equipment
вентелятор SHT-30-EX,equipment
"Вентилятор тепловой спиральный CMI HFN-2002N, 2000Вт, 220В",equipment
верёвка высокопрочная страховочная статическая 10mm 50m,equipment
Весы электронные 200г / 0.01,equipment
"ВИК ""поверенный""",equipment
Воздушный поршневой маслянный компрессор АЭРУС 210/24,equipment
Высоконапорный водоструйный аппарат ПРЕУС Есо Е5022А,equipment
Газоанализатор SENKO SP2ND (H2S) для измерения объемной доли сероводород,equipment
Газоанализатор SENKO SP2ND (O2) для измерения объемной доли кислорода,equipment
Газоанализатор КОЛИОН-1В 1ExibIIBT4,equipment
Газоанализатор Лидер 01,equipment
Газоанализатор одноканальный ALTAIR H2S,equipment
Газоанализатор Сеан h2s,equipment
"Гайковерт угловой пневматический, 1/2"". 220 л/мин, 6,2 атм, 82 Нм. 1/4F",equipment
"Гайковерт ударный акумуляторный MAKITA, 3/4"", 18В Li-Ion",equipment
"Гайковерт ударный пневматический, 3/4"", 1085 Нм, 6.3 атм, 6500 об/мин, 1/4F, 198 л/мин",equipment
"Гайковерт ударный пневматический FUBAG IW1600, 3/4""",equipment
"Гайковерт ударный электрический MAKITA, 3/4"". 850 Вт, 220В, 588Нм, 1600 уд/мин, 1700 об/мин",equipment
"Гайковерт удлиненный пневматический ударный, 1"", 6.3 атм, 2440 нМ, 4000об/мин, 255 л/мин",equipment
"Генератор бензиновый Калибр БЭГ-2500, 2,5кВт, 220В",equipment
"Генератор дизельный TSS SSDG 6000EH, 6,5 кВт,",equipment
гибкий антистатичный воздуховод d300mm 10m,equipment
Гибкое копьё,equipment
Гибкое копьё dn3мм 11м 1050бар 1/4 на 1/16,equipment
Гидравлический удлинитель,equipment
Гильотинные ножницы,equipment
Головка Ø33,equipment
"Головка торцевая JTC, 3/4” 21 мм",equipment
головка торцевая ударная 21mm,equipment
головка торцевая ударная 54mm,equipment
"Головка торцевая ударная глубокая (6-гранная; квадрат с отверстием 1/2""DR; 32 мм)",equipment
"Головка торцевая ударная шестигранная KING TONY, 54 мм; 1"", длина 80 мм",equipment
"Головка ударная для гайковерта БЕЛАК, 38 мм, квадрат с отверстием 1"", стальная",equipment
Голубенький прибор,equipment
Двойной регулируемый строп Alpsafe с амортизатором AKN31,equipment
"Двойной строп из ленты с амортизатором, с двумя большими монтажными и соединительным карабином ПРОГРЕСС СЕФЕТИ Строп аАд+Кс исп.3",equipment
"Динамометрический ключ , 1/2"", 42-210 Нм, в футляре прозрачном цилиндрическом",equipment
Домкрат,equipment
"Дрель STURM ID20165M, 0-500 об./мин., 1300Вт",equipment
Дрель аккум. Ресанта ДА-14-2-ЛК,equipment
"Дрель ударная MAKITA, 710 Вт, в боксе с набором сверл",equipment
"Дрель-шуруповер ЗУБР 14.4 В, 2 АКБ, 2 Ач, в кейсе ДШЛ-145-22",equipment
Дрель-шуруповерт DB-201,equipment
Дрель-шуруповерт DEWALT 2.0 Ач DCD771D2,equipment
Дрель-шуруповерт Patriot акк. BR 181UES 180201481,equipment
Дрель-шуруповерт аккумуляторная Вихрь ДА-24Л-2К/Б,equipment
Дрель-шуруповерт Вихрь,equipment
Дыхательный аппарат,equipment
Ёмкость 500л,equipment
Задвижка клиновая DN100,equipment
Зажим для тали,equipment
Зажимные клещи 250 мм INFORCE,equipment
зажим ручной ЖУМАР под левую руку,equipment
"Заклепочник Denzel ручной, 255 мм",equipment
"Зарядное устройство для Li-Ion АКБ ЗУБР Профессионал 20В, 6А",equipment
Зигмашина MU 12,equipment
Зиговочный станок,equipment
Зиговочный станок FABTEC RM-08 54228,equipment
З/У для шуруповерта DB-201,equipment
"Извещатель пожарный дымовой автономный. IP40, сирена встроенная 85дБ, U-пит.9В («Крона»), I-потр. 0,03мА, t-раб.-10...+55С, IP30",equipment
Измерительная рулетка Gigant GMT 316 3x16 мм с магнитным захватом,equipment
"Измерительная рулетка с магнитным крюком, 5x25мм Gigant GWM525",equipment
Инвертор сварочный с газовым шлангом и горелкой FUBAG INTIG 200,equipment
Интерскол аккум. дрель-шуруповерт,equipment
Камера для видеодиагностики ROTHENBERGER ROSCOPE i2000,equipment
Карабин VENTO Стальной Овал с муфтой,equipment
ключ разводной,equipment
ключ разводной 200mm,equipment
ключ трётка,equipment
ключ трещётка,equipment
"Ключ трещотка JONNESWAY 3/4""DR 24 зубца, 500 мм",equipment
Ключ трещоточный монтажный 19х21 мм,equipment
"Ключ трубный KRAFTOOL, Crome Vanadium №1, желто-черный",equipment
Ключ цепной,equipment
Колориметр на железо HANNA-HI 96721,equipment
"Комбинированный ключ NEO Tools с трещоткой, 21 мм",equipment
Комплект мех. инструмента для монтажа труб REHAU RAUTOOL M1,equipment
Компрессор,equipment
Компрессор винтовой 5m3h 30кВт,equipment
"Компрессор КАЛИБР на колесах (пневмоинструмент), эл двиг 220В",equipment
"Компрессор пневматический FUBAG VCF/100 СM3, 440л/мин, 100л, 10бар 2.2кВт, 220В",equipment
"Компрессор электрический АЭРУС, 1,16кВт, 180л/мин, бак 6л, 8 бар, 3550 об/мин",equipment
Конвектор,equipment
Кран шаровый,equipment
Кресло офисное,equipment
Кронштейн 48 мм.,equipment
Кронштейн крепления к стене 400 мм.,equipment
Крюк для скручивания проволоки FIT 220 мм,equipment
Кувалда 5000 гр Sturm,equipment
Кулер для воды,equipment
Кусачки торцевые VETTLER 200 мм,equipment
Лазерный дальномер с угломером RGK DL100G,equipment
Ламинатор,equipment
"Лебедка GTS KCD-500/1000 электрическая (r/n 0,5/1,0 тн; 60/30м; 220V)",equipment
"Лебедка JENTAN рычажная 1600 кг (лягушка). трос 11 mm, без кейса, стальной корпус, серый",equipment
"Лебедка JUN KAUNG ручная рычажная (тросовая), 2 крюка, 3м, трос 5 мм, 2,5т, синий кейс",equipment
"Лебедка канатная TOPEX с храповым тормозом (0.55 т, канат 10 м)",equipment
"Лебедка шестеренчатая механическая STURM, 0.8т, стальной трос 10м/5 мм",equipment
Левые ножницы по металлу KRAFTOOL Alligator 250 мм 2328-L,equipment
Левые усиленные ножницы по металлу KRAFTOOL Alligator,equipment
Ленточный строп Alpsafe (эластичный двойной с амортизатором) AKN44,equipment
Лестница,equipment
Лестница навесная 2 м,equipment
"Лестница наклонная 2,2 м",equipment
Лестница телескопическая 6.2м,equipment
"Лестница-трансформер универсальная ЭЙФЕЛЬ, 4,48 м, 4 сек х 4 ступ",equipment
"Лестница-трансформер ЭЙФЕЛЬ, универсальная, высота 5.02 м, max 150 кг",equipment
Листовые ножницы по металлу Makita JS1602,equipment
Литой магнитный уровень STAYER HARD-М 250 мм 3488,equipment
Литой ручной заклепочник Inforce поворотный 360 град,equipment
"Лобзик электрический. 570 Вт, h стали = 8 мм, h дерева=65 мм",equipment
Магнитный кронштейн для уровня,equipment
Магнитный уровень Inforce 230мм,equipment
Магнит поисковый,equipment
Мангуст-2 электро,equipment
Манометр,equipment
Маска сварщика AURORA Хамелеон,equipment
Маска сварщика FUBAG Хамелеон,equipment
Маска сварщика РЕСАНТА,equipment
Маслянный радиатор BALLU CL 07BRN,equipment
Мембранный насос,equipment
мембранный насос YARTEK 680л/мин,equipment
Микроволновка,equipment
"Минимойка высокого давления STERWINS 135 бар,420л/ч,2 кВт",equipment
Многофункциональное устройство,equipment
Модуль 268с-кск,equipment
Модуль порошкового пожаротушения компании ЭПОТОС-К,equipment
"Молоток кровельный 0,6 кг STARTUL Profi",equipment
Молоток отбойный,equipment
Молоток слесарный 600 г RAGE by VIRA,equipment
Молоток с фибергласовой рукояткой 800г Gigant,equipment
Монитор lg,equipment
Мотопомпа для нефтепродуктов Танкер-049 (01.2017),equipment
Мотопомпа для нефтепродуктов Танкер-049 (05.2017),equipment
Набор Аккумуляторов в боксе MAKITA MKP1RM182,equipment
"Набор бит MAKITA, 47 штук, с трещеткой",equipment
набор головок,equipment
набор головок 26-32мм,equipment
набор для пайки,equipment
набор для сварки,equipment
Набор инструментов,equipment
Набор инструментов GIGANT GT-23 (23 предмета),equipment
"Набор инструментов Stels , 82 предмета ,14117",equipment
"Набор инструментов из автомобиля, металлический ящик",equipment
Набор искробезопасных ключей.,equipment
"Набор ключей комбинированных ДЕЛО ТЕХНИКИ, 22 шт, (6-32), ДТ/4, сумка",equipment
Набор ключей сата 5.5-24мм,equipment
"Набор ключей шестигранных с шариком, 9 предметов",equipment
Набор комбинированных ключей Gigant 12 шт GCWS12/1,equipment
"Набор комбинированных трещоточных ключей Gigant 8 шт, Сталь Cr-V, 8-19мм",equipment
набор медных фитингов в кейсе,equipment
"Набор метчиков и плашек TOPEX М3-М12, 32 шт",equipment
Набор образцов шероховатости НТЦ Эксперт ОШС-ШП Rz 10; 20; 40; 60; 80 мкм,equipment
Набор отвёрток 11шт,equipment
Набор отверток CROWNMAN 4 шт,equipment
"Набор свёрел METABO HSS-R 25, 1-13мм в мет.коробке",equipment
"Набор торцевых головок FOXWELD для пневмогайковерта (10-27 мм; посадочный квадрат 1/2""; 10 шт.)",equipment
"Набор ударных головок NEO 12-115 (8 шт; 26-38 мм; 3/4), 26, 27, 29, 30, 32, 35, 36, 38 мм.",equipment
"Набор ударных головок SATA (10-24 мм; 1/2""), 12 предметов",equipment
набор ударных торцевых головок 9 предметов,equipment
"Набор ударных торцевых головок JONNESWAY, 9 предметов",equipment
набор ударных тоцевых головок 9 предметов,equipment
Нагреватель фланцевый взрывозащищённый,equipment
Налобный аккумуляторный фонарь Gauss 3W 220lm Li-ion 1200mAh LED,equipment
Налобный фонарь,equipment
Налобный фонарь Gigant с зумом HL-11,equipment
налобный фонарь petzl pixa 1,equipment
Насос,equipment
Насос Petroll,equipment
"Насос WiloТипIL100/150-15-2,15кВт",equipment
"Насос WiloТипIL80/220-30/2,30кВт",equipment
насос дренажный,equipment
Насосная станция,equipment
Насосная установка центробежная КМН 100-80-160 2Г СО,equipment
Насосная установка центробежная КМН 125-100-160 2Г СО,equipment
"Насосная установка центробежная, химическая (зеленый) КМХ 65-40-200П",equipment
"Насосная установка центробежная, химическая (серый) КМХ 80-50-200",equipment
"Насосная установка ЦНС ЦНС-НТ-180-85 Q=180м3/ч, H=85м,",equipment
насос опрессовочный,equipment
Насос опрессовочный электрический ROTHENBERGER RP PRO II,equipment
Насос пластинчато-роторный,equipment
Насос пневматический,equipment
Насос погружной,equipment
насос садовый,equipment
насос садовый sterwins,equipment
"Насос химический КНЗ Х150-125-315К-СД, 380В, 45кВт, Q=200 м3/ч, H=32 м, Двых=125 мм",equipment
"Насос центробежный CM MAG-M2, Q=23 м3/ч, H=19м, Tраб +200С,",equipment
"Насос шестеренчетый для масел и диз. топлива НМШ 6.3м3/ч 5.4кВт, 25бар",equipment
"Насос электрический КМ 80-32-125 Е, H=10м, Q=20 м3/ч",equipment
Насос ЭЦВ,equipment
Насос ЮНК-31Е-100/30-18.5/2,equipment
"Настил деревянный 1,2*0,45 м. (25 мм.)",equipment
Ножницы гидравлические,equipment
Ножницы по металлу Makita JS1602,equipment
Ноутбук,equipment
Огнетушитель порошковый,equipment
Одинарный блок для троса Tech-Krep оцинк. нейлон.шкив 30мм,equipment
Окрасочный аппарат,equipment
Опора простая,equipment
Осушитель,equipment
Панель светодиодная Luminidgi универсальная DW-LED-DP-02-36W,equipment
"Парогенератор электрический ПАРГАРАНТ, Q Пар-50 кг/ч, P раб 1,0-5,5 МПа, W=10-38кВт, 380В, Vкотла 25л, (15-250)",equipment
ПГ ЭРИС 414-2,equipment
ПГ Эрис 414 газоанализатор,equipment
ПДУ-3,equipment
Пду3,equipment
"Переноска-удлинитель желтая катушка ПВС, 30м (красный провод)",equipment
"Переходник ударный для торцевых головок HANS 3/4""х1""",equipment
перфоратор 850w,equipment
"Перфоратор DEWALT D 25134 K, 800 Вт, 3Дж, 3кг, sds-plus, 3 режима",equipment
Пила сабельная BOSCH PSA 700 E,equipment
Пирометр,equipment
Пирометр мегеон 16400,equipment
Пистолет для преус 10020,equipment
Плазморез,equipment
Плоскошлифовальная машина,equipment
Пневматический вакумный насос,equipment
"Пневмодрель реверсивная FUBAG DRS 1800, 6.3 бар, 142 л/мин, 1800 об/мин",equipment
"Пневмоимпульсная установка ИСТА-3, 25 л с блоком управления,",equipment
Пневмошланг,equipment
"Пневмошлифовальная машина угловая FUBAG GAC 20000, 6.3 бар, 122 л/мин, 20000 об/мин 1/4F",equipment
Подпятник 48 мм.,equipment
Подшипник 180322,equipment
"Помпа HONDA WB20XT, 600л/мин; 8/32м, 2,6кВт",equipment
"Помпа ЗУБР 3БМП-600, Q=600л/ч, H=26м, h=8м",equipment
Помповый опрыскиватель Geolia V16 (салатовый),equipment
"Поперечина 1,5 м. ЛХ (48*1,5 мм)",equipment
"Поперечина 1,8 м",equipment
Портативный времяимпульсный ультразвуковой расходомер DYNAMETERS,equipment
"Портативный газоанализатор ТОП-СЕНС 310 (CH4(_НКПР),O2,CO,H2S) с поверкой",equipment
Пояс монтажника Denzel сумки поясные,equipment
"Поясная сумка монтажника, электрика для инструмента DELI DL-P5 с ремнем",equipment
Правильно подающий станок 3E Makina,equipment
ПРАКТИК Стеллаж SBL 180KD-90x45-5 S24499373409,equipment
Пресс гидравлический,equipment
Преус 10020ex,equipment
"Привязь VENTO Альфа 5.0, размер 2",equipment
Привязь высота,equipment
привязь высота 042,equipment
Привязь ЗУБР,equipment
Привязь страховочная,equipment
промышленная тележка гидравлическая team bf-2.5 тг25,equipment
Профессиональные бокорезы Inforce 180 мм,equipment
ПТС профи-м,equipment
Пуско-зарядное устройство ELITECH УПЗ 600/540 для зарядки аккумуляторов 12/24В автомобилей,equipment
Пушка тепловая дизельная Gigant DHG20D,equipment
"Пушка тепловая керамическая EQUATION PF02-G, 3000Вт, 220В",equipment
Пш10,equipment
Пш 10б,equipment
Пылесос,equipment
"Радиостанция UANSHENG TG-1680, мощность 8W, с гарнитурой и чехлом. зарядной станцией, рация",equipment
Радиостанция (пара) LIRA P-580UV,equipment
Разметочный циркуль с дугой GRIFF 500мм,equipment
рация,equipment
Рация P1,equipment
"РВД 250bar, 3/8"", 15м.",equipment
Редуктор кислородный,equipment
"Реечный домкрат ТОР SWL 10610, 10т",equipment
"Ремень стяжной 25 мм , 5 м , 700 кг CROWNMAN",equipment
Ресивер рв900/10,equipment
"Рожковый ударный односторонний ключ Rockforce 110мм, L-460мм",equipment
Ролики для желобного зига S 1-3,equipment
Роутер,equipment
"Рулетка Gigant 5x19мм, обрезиненная с автостопом GWA61123",equipment
Рулетка Gigant Professional с магнитным зацепом 3м 19мм,equipment
"Рулетка WORKPRO мягкая, 3 м",equipment
"Садовый насос AL-KO JET 3000, 650 Вт, 220В, 3100 л/ч, h=8м",equipment
Самоцентрирующийся разматыватель металла Ferrox,equipment
Сварочный аппарат форсаж 315м,equipment
"Сварочный инвертор FUBAG IR 200 , 220В, 8,6 кВт, 200А (max). DX25",equipment
Сварочный инвертор РЕСАНТА САИ 160,equipment
Сварочный инвертор РЕСАНТА САИ 190 ПН от 140 В 65/19,equipment
свелильный станок,equipment
светильник головной взрывозащищённый нгр,equipment
Светильник светодиодный,equipment
Светильник светодиодный SVT-Str-U-V-100Eх,equipment
"Светильник светодиодный взрывозащищённый ДИОРА, D60Ex, 2Ех nRllCT6GcX",equipment
Светодиодный прожектор IN HOME СДО-7 100Вт 230В 6500К IP65,equipment
"Связь горизонтальная 5,2 м. ЛХ (48*2 мм) обжимная",equipment
"Связь лесов хомут. д=48 L= 5,3 м.",equipment
СЕАН-П газоанализатор,equipment
Сетевой фильтр,equipment
"Сигнализатор-течеискатель горючих газов переносной, УХЛ1.1, IP68, 3V, 1ExibdIICT6X",equipment
Сизод с принудительной подачей воздуха,equipment
Системный блок,equipment
Слесарный угольник 400x600 мм,equipment
Спасательное подъёмное устройство питон,equipment
Сплит система,equipment
Сплит-система FUJIAIRE,equipment
Средство защиты втягивающего типа,equipment
средство защиты втягивающего типа HB-02,equipment
Средство защиты втягивающего типа НВ evsk15,equipment
Стальная стремянка BIBER,equipment
Станок листогибочный ручной ПРОФИ L-2500 с отрезным ножом,equipment
Стойка вертикальная 2 м. (48*2 мм) ЛХ-60,equipment
Стойка вертикальная 4 м. (48*2 мм) ЛХ-60,equipment
Стойка лесов хомутовых д=48 L= 2м.,equipment
Стойка лесов хомутовых д=48 L= 4м.,equipment
стол письменный,equipment
Страховочная привязь,equipment
Страховочная привязь Зубр Эльбрус,equipment
Стремянка стальная BIBER 98107,equipment
Строп текстильный петлевой 6т 6м,equipment
Струбцина F образная Gigant 500*120*600 GCF 500,equipment
Сумка для инструмента Denzel 500x245x300 мм,equipment
Счётчик воды,equipment
"Счетчик МЕРКУРИЙ 230 АМ-02, 380В, 3х230/400V 10(100)A 50Hz",equipment
Таль,equipment
"Таль ручная стационарная EURO-LIFT HSC 00011010 Chain Block TB , шестеренная аналог ТВ (5 т, 6 м)",equipment
"Таль ручная цепная TOP HS-C 101331, 3м, 3т, цепь 8мм, H=3 м",equipment
таль цепная 3 тонны,equipment
таль цепная 3тонны,equipment
тачка двухколёсная,equipment
Тележка для тали,equipment
Теплообменник,equipment
Теплообменник пластинчатый титановый,equipment
Термопенал,equipment
Тестовый прибор,equipment
Топ сенс 210 h2s,equipment
Топ-сенс310,equipment
"Торцевая ударная головка JONNESWAY, 3/4""DR, 36 мм)",equipment
Торцевой монтажный ключ CNIC MT9201 19x22 мм,equipment
Транспортно роликовая платформа,equipment
Тросовый комплект для подвешивания KREPFIELD kf102,equipment
тумба для документов,equipment
"Угловая шлифмашина MAKITA, D230 мм, 2200Вт, 6600 об/м",equipment
"Угловая шлифмашина MAKITA (УШМ), D125 мм, 1100 Вт, 1,8 кг",equipment
"Угловая шлифмашина MAKITA (УШМ), D125 мм, 840 Вт,",equipment
"Угловая шлифмашина MAKITA (УШМ), D230 мм",equipment
"Угловая шлифмашина MAKITA (УШМ), D230 мм, 2000 Вт, 4,2 кг",equipment
"Угловая шлифмашина MAKITA (УШМ). D230 мм, 2200Вт, 6600об/м",equipment
"Угловая шлифмашина MAKITA (УШМ), D230 мм, 2.2 кВт",equipment
"Угловая шлифмашина RYOBI EAG2000RS (УШМ) 230 мм, 2000Вт, 6000об/мин",equipment
Угловая шлифовальная бесщеточная машина MABAR,equipment
Угловая шлифовальная машина DCA ASM08-125H,equipment
"Углошлифовальная машина ЗУБР Профессионал 125 мм, 1500 вт УШМ-П125",equipment
Удерживающая страховочная привязь Gigant УСП 2 Ж 5 Prime комфорт,equipment
Удлинитель 30метров,equipment
удлинитель 50 метров 3х2.5,equipment
удлинитель 50 метров на катушке 3х2.5,equipment
Удлинитель на катушке 50м,equipment
"Удлинитель силовой INFORCE б/катушки КГ3x2.5, 30м, 3.5кВт, 16А, IP20. 1 розетка с з/к",equipment
"Удлинитель силовой INFORCE на металл. катушке КГ 3x2.5 50м, 16А, 4 встр. Розетки",equipment
Удлинитель силовой ЭРА 50м,equipment
Ультразвуковая ванна ГРАНД-ТЕХНОЛОДЖИ ПИ-220-35 с термостатом,equipment
Ультразвуковая ванна лабораторная,equipment
"Универсальный набор инструмента Ombra OMT82S торцевые головки и аксессуары к ним, 82 предмета",equipment
Усиленные ножницы по металлу KRAFTOOL Bulldog левые,equipment
"Установка насосная гидроочистная БАЙКАЛ УНГ 150-3, 150л/мин, 30МПа",equipment
Устройство для сверление труб,equipment
УШМ,equipment
УШМ -125- аккумуляторная,equipment
УШМ Crownman PWT02027-EU,equipment
Ушм Hilti 230мм,equipment
УШМ MABAR,equipment
УШМ Patriot,equipment
УШМ Patriot AG 125,equipment
УШМ Zitrek,equipment
УШМ -п125-1500 пст,equipment
Фал антистатический МОЛОТ ФЛК 4 5 метров ФЛК-4 5м,equipment
"Фен строительный METABO H 16-500, 1,6 кВт, 220В",equipment
"Фильтр маслянный PIUSI F006 11 B10, 70л/мин.",equipment
Фонарь,equipment
Фонарь налобный,equipment
Фонарь налобный ex petzl,equipment
Фонарь налобный peli 2690 ex,equipment
Фонарь ручной,equipment
Фонарь ручной СПУТНИК AFP824-10W,equipment
"Фонарь с магнитом LEXMAN 24 LED, 3 ААА, IP20, 2 источника света, ручной с крючком",equipment
Фонарь ультрафиолетовый,equipment
Фонарь ЭРА RA-801 Рабочий,equipment
ФРВС Фонарь ручной взрывозащищённый светодиодный в комплекте с з/у,equipment
Холодильник Nordfrost NRT 141032,equipment
Хомут кованный неповоротный ZK48-1,equipment
Хомут кованный поворотный ZK48-1,equipment
Хомут поворотный (Универсальный),equipment
циркулярная пила,equipment
Чайник электрический,equipment
Шкаф Монолит Дублин высокий 3 откр. полки 800x400x1980,equipment
Шкаф ПРАКТИК AM 1891,equipment
Шланг,equipment
"Шланг 15м, ПВХ DEXTER, 15бар d 8/13 (компрессор)",equipment
Штангенциркуль,equipment
Штангенциркуль 0-600мм debever mashing solushions,equipment
Штангенциркуль Strong 300 мм,equipment
Штангенциркуль цифровой Mechanic 150 A00379,equipment
"Штроборез ЗУБР, 1500Вт, Размер диска: 150 х 22 мм",equipment
"Шуруповерт DEWALT DCD785C2, 18В, 1.5Ач, 2АКБ, 1,6 кг",equipment
"Шуруповерт MAKITA, 18В, АКБ 2х1.5Ач, Li-ion, БЗП-13мм, без кейса",equipment
"Шуруповерт MAKITA, 18В, без АКБ и ЗУ",equipment
Шуруповерт PATRIOT,equipment
Шуруповерт Ресанта да-14-2лк,equipment
"Щит 0,5*1,5 м.",equipment
Щиток сварщика сварог,equipment
Щиток сварщика Сварог pro b40,equipment
"Щит управления насосом ЩУН №10 , 7,5/11кВт",equipment
"Щит управления насосом ЩУН №9, 600х400х250",equipment
Электрические листовые ножницы.,equipment
"Электрический сучкорез PATRIOT CS152, длина шины 12""/30см",equipment
Электромеханическая зиговочная машина R2,equipment
Электромеханические вальцы,equipment
"Электромуфтовый сварочный аппарат RIJING MAKINA HDM 315, (20-315 мм)",equipment
Электропечь,equipment
Эндоскоп мегеон,equipment
Эрис-41,equipment
Ящик красный авто№1,equipment
Ящик красный авто№2,equipment
Ящик красный авто №4,equipment
"Ящик с инструментами СПУТНИК, синий",equipment
Ящик фанернный для инструментов АСГАРД 1 (1.0х0.5х0.5),equipment
Ящик фанернный для инструментов АСГАРД 2 (1.0х0.5х0.5),equipment
Ящик фанернный для инструментов АСГАРД 3 (0.87х0.33х0.33),equipment
Ящик фанерно-реечный для инструментов 1200х1000х900 (внеш),equipment
Ящик фанерно-реечный для инструментов 1350х600х600 (внутр),equipment
